,hyb_index,BaselineName,Hybrid,MarketName,PipelineProductStageName,TraitName,Location,num_sres,season,seed_target,y_predicted_class,y_predicted,seed_target_class,TPD_RECOMMENDATION,num_plots_optimized,metst_optimized,num_plots_optimized_half,seed_production_optimized,Recomendacao_Planejamento
0,1,B001,H001,Summer,PS3,V4,PEPT,0,2022_04,10220,<1500,1408,1,24,22.0,1.0,11.0,27195.300000000003,24
1,2,B002,H002,Safrinha,PS3,V4,PEPT,0,2022_04,10220,<1500,1005,1,24,30.0,1.0,15.0,53431.2,24
2,3,B003,H003,Safrinha,PS3,V4,PEPT,0,2022_04,20376,<1500,1448,2,24,16.0,1.0,8.0,26941.92,24
3,4,B004,H004,Safrinha,PS3,CONV,PEPT,0,2022_04,10220,<1500,1369,1,24,14.0,1.0,7.0,26415.48,24
4,5,B005,H005,Summer,PS3,CONV,PEPT,0,2022_04,10220,<1900,1534,1,24,12.0,1.0,6.0,26390.879999999997,24
5,6,B006,H006,Safrinha,PS3,V4,PEPT,0,2022_04,10220,<1900,1788,1,24,30.0,1.0,15.0,51180.3,24
6,7,B007,H007,Summer,PS3,V4,PEPT,0,2022_04,20376,<1500,1387,2,24,18.0,1.0,9.0,27652.86,24
7,8,B008,H008,Safrinha,PS3,V4,PEPT,0,2022_04,10220,<1500,1249,1,24,24.0,1.0,12.0,51276.23999999999,24
8,9,B009,H009,Safrinha,PS3,V4,PEPT,0,2022_04,20376,<1900,1737,2,24,34.0,1.0,17.0,52275.0,24
9,10,B010,H010,Safrinha,PS3,V4,PEPT,0,2022_04,20376,<1500,1250,2,24,30.0,1.0,15.0,53910.9,24
10,11,B011,H011,Safrinha,PS3,CONV,PEPT,0,2022_04,20376,<1500,1461,2,24,14.0,1.0,7.0,27517.559999999998,24
11,12,B012,H012,Summer,PS3,CONV,PEPT,0,2022_04,10220,<1900,1598,1,24,30.0,1.0,15.0,53726.399999999994,24
12,13,B013,H013,Safrinha,PS3,CONV,PEPT,0,2022_04,20376,<1500,1456,2,24,26.0,1.0,13.0,54877.67999999999,24
13,14,B014,H014,Safrinha,PS3,V4,PEPT,0,2022_04,20376,<1900,1716,2,24,14.0,1.0,7.0,28258.02,24
14,15,B015,H015,Safrinha,PS3,V4,PEPT,0,2022_04,10220,<1900,1641,1,24,36.0,1.0,18.0,52427.52,24
15,16,B016,H016,Summer,PS3,V4,PEPT,0,2022_04,20376,<1500,1184,2,24,14.0,1.0,7.0,26002.2,24
16,17,B017,H017,Summer,PS3,V4,PEPT,0,2022_04,10220,<1900,1510,1,24,24.0,1.0,12.0,51010.56,24
17,18,B018,H018,Safrinha,PS3,CONV,PEPT,0,2022_04,20376,<1900,1728,2,24,24.0,1.0,12.0,52191.36,24
18,19,B019,H019,Safrinha,PS3,V4,PEPT,0,2022_04,20376,<1900,1768,2,24,32.0,1.0,16.0,52073.28,24
19,20,B020,H020,Safrinha,PS3,V4,PEPT,0,2022_04,20376,<1500,1323,2,24,16.0,1.0,8.0,26135.04,24
20,21,B021,H021,Safrinha,PS3,CONV,PEPT,0,2022_04,10220,<1500,1328,1,24,16.0,1.0,8.0,27315.84,24
21,22,B022,H022,Safrinha,PS3,CONV,PEPT,0,2022_04,10220,<1500,1388,1,24,26.0,1.0,13.0,54142.14,24
22,23,B023,H023,Safrinha,PS3,CONV,PEPT,0,2022_04,20376,<1900,1693,2,24,30.0,1.0,15.0,53837.1,24
23,24,B024,H024,Safrinha,PS3,V4,PEPT,0,2022_04,20376,<1500,1459,2,24,12.0,1.0,6.0,25770.96,24
24,25,B025,H025,Summer,PS3,CONV,PEPT,0,2022_04,10220,<1900,1746,1,24,12.0,1.0,6.0,29992.32,24
25,26,B026,H026,Summer,PS3,V4,PEPT,0,2022_04,10220,>1900,2032,1,24,28.0,1.0,14.0,52693.2,24
26,27,B027,H027,Safrinha,PS3,V4,PEPT,0,2022_04,20376,<1900,1530,2,24,22.0,1.0,11.0,55608.3,24
27,28,B028,H028,Safrinha,PS3,V4,PEPT,0,2022_04,20376,>1900,2055,2,24,30.0,1.0,15.0,54427.5,24
28,29,B029,H029,Safrinha,PS3,V4,PEPT,0,2022_04,20376,<1500,1475,2,24,28.0,1.0,14.0,54070.799999999996,24
29,30,B030,H030,Safrinha,PS3,CONV,PEPT,0,2022_04,20376,<1900,1570,2,24,18.0,1.0,9.0,25682.399999999998,24
30,31,B031,H031,Safrinha,PS3,V4,PEPT,0,2022_04,10220,<1500,1160,1,24,14.0,1.0,7.0,28860.72,24
31,32,B032,H032,Summer,PS3,CONV,PEPT,0,2022_04,10220,<1900,1676,1,24,14.0,1.0,7.0,26381.039999999997,24
32,33,B033,H033,Summer,PS3,CONV,PEPT,0,2022_04,10220,<1900,1532,1,24,34.0,1.0,17.0,53487.78,24
33,34,B034,H034,Summer,PS3,V4,PEPT,0,2022_04,20376,<1500,1279,2,24,28.0,1.0,14.0,52865.4,24
34,35,B035,H035,Summer,PS3,V4,PEPT,0,2022_04,20376,<1900,1535,2,24,30.0,1.0,15.0,53578.8,24
35,36,B036,H036,Safrinha,PS3,V4,PEPT,0,2022_04,20376,<1500,1452,2,24,30.0,1.0,15.0,53172.9,24
36,37,B037,H037,Safrinha,PS3,CONV,PEPT,0,2022_04,20376,<1500,1441,2,24,18.0,1.0,9.0,26568.0,24
37,38,B038,H038,Summer,PS3,V4,PEPT,0,2022_04,10220,<1500,1200,1,24,24.0,1.0,12.0,51955.200000000004,24
38,39,B039,H039,Safrinha,PS3,CONV,PEPT,0,2022_04,20376,<1900,1760,2,24,30.0,1.0,15.0,54169.2,24
39,40,B040,H040,Safrinha,PS3,V4,PEPT,0,2022_04,20376,<1500,1468,2,24,14.0,1.0,7.0,27138.72,24
40,41,B041,H041,Safrinha,PS3,V4,PEPT,0,2022_04,10220,<1900,1576,1,24,20.0,1.0,10.0,25879.2,24
41,42,B042,H042,Safrinha,PS3,CONV,PEPT,0,2022_04,10220,<1500,1052,1,24,26.0,1.0,13.0,52798.98,24
42,43,B043,H043,Summer,PS3,CONV,PEPT,0,2022_04,20376,<1900,1651,2,24,26.0,1.0,13.0,53118.78,24
43,44,B044,H044,Safrinha,PS3,CONV,PEPT,0,2022_04,20376,<1900,1661,2,24,18.0,1.0,9.0,26280.18,24
44,45,B045,H045,Safrinha,PS3,CONV,PEPT,0,2022_04,10220,<1500,1187,1,24,16.0,1.0,8.0,27374.88,24
45,46,B046,H046,Summer,PS3,V4,PEPT,0,2022_04,10220,<1500,1391,1,24,12.0,1.0,6.0,25726.68,24
46,47,B047,H047,Summer,PS3,CONV,PEPT,0,2022_04,10220,<1900,1743,1,24,28.0,1.0,14.0,54828.48,24
47,48,B048,H048,Safrinha,PS3,V4,PEPT,0,2022_04,20376,<1900,1592,2,24,12.0,1.0,6.0,29549.52,24
48,49,B049,H049,Safrinha,PS3,CONV,PEPT,0,2022_04,10220,>1900,2002,1,24,34.0,1.0,17.0,53153.22,24
49,50,B050,H050,Summer,PS3,V4,PEPT,0,2022_04,20376,<1500,1271,2,24,30.0,1.0,15.0,52619.4,24
50,51,B051,H051,Summer,PS3,CONV,PEPT,0,2022_04,20376,<1500,1426,2,24,30.0,1.0,15.0,51106.5,24
51,52,B052,H052,Safrinha,PS3,V4,PEPT,0,2022_04,20376,<1500,1385,2,24,12.0,1.0,6.0,30258.0,24
52,53,B053,H053,Safrinha,PS3,V4,PEPT,0,2022_04,10220,>1900,2050,1,24,16.0,1.0,8.0,28673.76,24
53,54,B054,H054,Safrinha,PS3,V4,PEPT,0,2022_04,10220,<1500,1457,1,24,16.0,1.0,8.0,26312.16,24
54,55,B055,H055,Summer,PS3,V4,PEPT,0,2022_04,10220,<1500,1337,1,24,34.0,1.0,17.0,51689.52,24
55,56,B056,H056,Summer,PS3,V4,PEPT,0,2022_04,20376,<1500,1236,2,24,20.0,1.0,10.0,27650.4,24
56,57,B057,H057,Summer,PS3,CONV,PEPT,0,2022_04,10220,<1500,1124,1,24,34.0,1.0,17.0,53655.06,24
57,58,B058,H058,Summer,PS3,V4,PEPT,0,2022_04,20376,<1500,1283,2,24,24.0,1.0,12.0,51541.92,24
58,59,B059,H059,Safrinha,PS3,V4,PEPT,0,2022_04,20376,<1900,1746,2,24,26.0,1.0,13.0,51104.04,24
59,60,B060,H060,Safrinha,PS3,CONV,PEPT,0,2022_04,20376,<1900,1598,2,24,14.0,1.0,7.0,28654.08,24
60,61,B061,H061,Safrinha,PS3,CONV,PEPT,0,2022_04,10220,<1900,1664,1,24,36.0,1.0,18.0,52294.67999999999,24
61,62,B062,H062,Summer,PS3,V4,PEPT,0,2022_04,20376,<1500,1181,2,24,18.0,1.0,9.0,27431.46,24
62,63,B063,H063,Summer,PS3,CONV,PEPT,0,2022_04,10220,<1500,1239,1,24,32.0,1.0,16.0,53529.6,24
63,64,B064,H064,Summer,PS3,V4,PEPT,0,2022_04,20376,<1500,1360,2,24,12.0,1.0,6.0,27542.159999999996,24
64,65,B065,H065,Summer,PS3,CONV,PEPT,0,2022_04,10220,<1900,1866,1,24,28.0,1.0,14.0,54380.76,24
65,66,B066,H066,Safrinha,PS3,V4,PEPT,0,2022_04,20376,<1900,1579,2,24,14.0,1.0,7.0,27810.3,24
66,67,B067,H067,Safrinha,PS3,V4,PEPT,0,2022_04,10220,<1900,1615,1,24,16.0,1.0,8.0,28496.64,24
67,68,B068,H068,Safrinha,PS3,V4,PEPT,0,2022_04,10220,<1500,1448,1,24,44.0,1.0,22.0,51035.159999999996,24
68,69,B069,H069,Safrinha,PS3,V4,PEPT,0,2022_04,20376,<1500,943,2,24,36.0,1.0,18.0,53136.0,24
69,70,B070,H070,Summer,PS3,V4,PEPT,0,2022_04,20376,<1500,1200,2,24,18.0,1.0,9.0,26656.56,24
70,71,B071,H071,Summer,PS3,CONV,PEPT,0,2022_04,10220,<1500,1204,1,24,14.0,1.0,7.0,28361.34,24
71,72,B072,H072,Summer,PS3,V4,PEPT,0,2022_04,10220,<1900,1647,1,24,12.0,1.0,6.0,26833.68,24
72,73,B073,H073,Safrinha,PS3,V4,PEPT,0,2022_04,10220,<1900,1818,1,24,30.0,1.0,15.0,51770.700000000004,24
73,74,B074,H074,Safrinha,PS3,CONV,PEPT,0,2022_04,20376,<1500,1403,2,24,14.0,1.0,7.0,27689.76,24
74,75,B075,H075,Safrinha,PS3,V4,PEPT,0,2022_04,10220,<1900,1608,1,24,14.0,1.0,7.0,27982.5,24
75,76,B076,H076,Safrinha,PS3,V4,PEPT,0,2022_04,10220,<1900,1625,1,24,18.0,1.0,9.0,26700.839999999997,24
76,77,B077,H077,Safrinha,PS3,V4,PEPT,0,2022_04,10220,<1500,1206,1,24,20.0,1.0,10.0,28363.800000000003,24
77,78,B078,H078,Safrinha,PS3,CONV,PEPT,0,2022_04,10220,<1500,1153,1,24,14.0,1.0,7.0,27379.8,24
78,79,B079,H079,Summer,PS3,CONV,PEPT,0,2022_04,10220,<1900,1590,1,24,24.0,1.0,12.0,52368.479999999996,24
79,80,B080,H080,Summer,PS3,V4,PEPT,0,2022_04,20376,<1900,1774,2,24,14.0,1.0,7.0,26949.3,24
80,81,B081,H081,Summer,PS3,CONV,PEPT,0,2022_04,10220,<1900,1565,1,24,30.0,1.0,15.0,53910.9,24
81,82,B082,H082,Summer,PS3,V4,PEPT,0,2022_04,20376,<1500,1461,2,24,14.0,1.0,7.0,25967.76,24
82,83,B083,H083,Summer,PS3,V4,PEPT,0,2022_04,10220,<1900,1508,1,24,22.0,1.0,11.0,27574.14,24
83,84,B084,H084,Summer,PS3,V4,PEPT,0,2022_04,10220,<1500,1019,1,24,16.0,1.0,8.0,27925.92,24
84,85,B085,H085,Summer,PS3,V4,PEPT,0,2022_04,10220,<1500,1419,1,24,36.0,1.0,18.0,52471.799999999996,24
85,86,B086,H086,Summer,PS3,V4,PEPT,0,2022_04,20376,<1500,1185,2,24,28.0,1.0,14.0,53382.0,24
86,87,B087,H087,Safrinha,PS3,V4,PEPT,0,2022_04,20376,<1900,1550,2,24,18.0,1.0,9.0,28604.88,24
87,88,B088,H088,Summer,PS3,CONV,PEPT,0,2022_04,10220,<1500,1292,1,24,32.0,1.0,16.0,53254.08,24
88,89,B089,H089,Safrinha,PS3,V4,PEPT,0,2022_04,20376,<1500,1353,2,24,32.0,1.0,16.0,54277.44,24
89,90,B090,H090,Safrinha,PS3,CONV,PEPT,0,2022_04,20376,<1500,1379,2,24,24.0,1.0,12.0,27217.44,24
90,91,B091,H091,Safrinha,PS3,V4,PEPT,0,2022_04,10220,<1500,922,1,24,26.0,1.0,13.0,54845.7,24
91,92,B092,H092,Summer,PS3,V4,PEPT,0,2022_04,20376,<1900,1715,2,24,26.0,1.0,13.0,54845.7,24
92,93,B093,H093,Summer,PS3,CONV,PEPT,0,2022_04,20376,<1900,1715,2,24,14.0,1.0,7.0,28326.899999999998,24
93,94,B094,H094,Safrinha,PS3,CONV,PEPT,0,2022_04,10220,<1900,1645,1,24,20.0,1.0,10.0,27945.6,24
94,95,B095,H095,Safrinha,PS3,CONV,PEPT,0,2022_04,10220,<1500,1136,1,24,12.0,1.0,6.0,28162.08,24
95,96,B096,H096,Summer,PS3,V4,PEPT,0,2022_04,10220,>1900,1908,1,24,28.0,1.0,14.0,27173.16,24
96,97,B097,H097,Safrinha,PS3,CONV,PEPT,0,2022_04,10220,<1500,789,1,24,12.0,1.0,6.0,26066.159999999996,24
97,98,B098,H098,Safrinha,PS3,V4,PEPT,0,2022_04,10220,<1900,1766,1,24,12.0,1.0,6.0,28722.96,24
98,99,B099,H099,Summer,PS3,V4,PEPT,0,2022_04,10220,>1900,1946,1,24,22.0,1.0,11.0,54607.079999999994,24
99,100,B100,H100,Summer,PS3,V4,PEPT,0,2022_04,20376,>1900,2018,2,24,12.0,1.0,6.0,28117.800000000003,24
100,101,B101,H101,Safrinha,PS3,V4,PEPT,0,2022_04,10220,>1900,1905,1,24,30.0,1.0,15.0,53541.9,24
101,102,B102,H102,Summer,PS3,V4,PEPT,0,2022_04,20376,<1500,1451,2,24,14.0,1.0,7.0,28602.42,24
102,103,B103,H103,Safrinha,PS3,V4,PEPT,0,2022_04,10220,<1900,1661,1,24,40.0,1.0,20.0,51906.0,24
103,104,B104,H104,Safrinha,PS3,V4,PEPT,0,2022_04,20376,<1500,1055,2,24,32.0,1.0,16.0,51404.159999999996,24
104,105,B105,H105,Summer,PS3,V4,PEPT,0,2022_04,20376,<1500,1306,2,24,24.0,1.0,12.0,52575.12,24
105,106,B106,H106,Safrinha,PS3,V4,PEPT,0,2022_04,20376,<1900,1781,2,24,16.0,1.0,8.0,28595.04,24
106,107,B107,H107,Safrinha,PS3,CONV,PEPT,0,2022_04,10220,<1500,1453,1,24,26.0,1.0,13.0,52127.399999999994,24
107,108,B108,H108,Summer,PS3,CONV,PEPT,0,2022_04,20376,<1900,1630,2,24,30.0,1.0,15.0,51475.5,24
108,109,B109,H109,Summer,PS3,V4,PEPT,0,2022_04,20376,<1500,1395,2,24,14.0,1.0,7.0,27000.96,24
109,110,B110,H110,Summer,PS3,V4,PEPT,0,2022_04,10220,<1900,1568,1,24,26.0,1.0,13.0,53086.799999999996,24
110,111,B111,H111,Summer,PS3,V4,PEPT,0,2022_04,20376,<1900,1660,2,24,22.0,1.0,11.0,51657.54,24
111,112,B112,H112,Summer,PS3,CONV,PEPT,0,2022_04,20376,>1900,1909,2,24,30.0,1.0,15.0,51069.6,24
112,113,B113,H113,Safrinha,PS3,CONV,PEPT,0,2022_04,20376,<1500,1384,2,24,18.0,1.0,9.0,26612.28,24
113,114,B114,H114,Safrinha,PS3,V4,PEPT,0,2022_04,10220,<1500,1202,1,24,14.0,1.0,7.0,27999.72,24
114,115,B115,H115,Safrinha,PS3,V4,PEPT,0,2022_04,10220,<1900,1626,1,24,22.0,1.0,11.0,51603.420000000006,24
115,116,B116,H116,Summer,PS3,V4,PEPT,0,2022_04,20376,>1900,1907,2,24,16.0,1.0,8.0,27040.32,24
116,117,B117,H117,Summer,PS3,CONV,PEPT,0,2022_04,10220,<1500,1374,1,24,16.0,1.0,8.0,28260.48,24
117,118,B118,H118,Summer,PS3,V4,PEPT,0,2022_04,10220,<1500,1436,1,24,32.0,1.0,16.0,52545.6,24
118,119,B119,H119,Safrinha,PS3,CONV,PEPT,0,2022_04,20376,<1500,1335,2,24,20.0,1.0,10.0,52840.8,24
119,120,B120,H120,Safrinha,PS3,CONV,PEPT,0,2022_04,20376,>1900,2148,2,24,12.0,1.0,6.0,27999.72,24
120,121,B121,H121,Safrinha,PS3,V4,PEPT,0,2022_04,10220,<1900,1897,1,24,30.0,1.0,15.0,53578.8,24
121,122,B122,H122,Summer,PS3,V4,PEPT,0,2022_04,20376,<1500,1452,2,24,18.0,1.0,9.0,28427.76,24
122,123,B123,H123,Safrinha,PS3,CONV,PEPT,0,2022_04,10220,<1500,1284,1,24,14.0,1.0,7.0,26432.7,24
123,124,B124,H124,Safrinha,PS3,V4,PEPT,0,2022_04,10220,<1900,1535,1,24,26.0,1.0,13.0,52319.28,24
124,125,B125,H125,Safrinha,PS3,V4,PEPT,0,2022_04,20376,<1900,1636,2,24,26.0,1.0,13.0,52159.38,24
125,126,B126,H126,Summer,PS3,CONV,PEPT,0,2022_04,20376,<1900,1631,2,24,16.0,1.0,8.0,27197.76,24
126,127,B127,H127,Safrinha,PS3,V4,PEPT,0,2022_04,10220,<1500,1382,1,24,14.0,1.0,7.0,25640.58,24
127,128,B128,H128,Summer,PS3,V4,PEPT,0,2022_04,10220,<1500,1489,1,24,26.0,1.0,13.0,51104.04,24
128,129,B129,H129,Safrinha,PS3,CONV,PEPT,0,2022_04,20376,<1900,1598,2,24,18.0,1.0,9.0,28206.36,24
129,130,B130,H130,Safrinha,PS3,V4,PEPT,0,2022_04,10220,<1500,1274,1,24,12.0,1.0,6.0,26110.44,24
130,131,B131,H131,Safrinha,PS3,V4,PEPT,0,2022_04,10220,<1900,1769,1,24,24.0,1.0,12.0,53667.36,24
131,132,B132,H132,Safrinha,PS3,CONV,PEPT,0,2022_04,20376,<1900,1818,2,24,14.0,1.0,7.0,27483.12,24
132,133,B133,H133,Summer,PS3,CONV,PEPT,0,2022_04,10220,<1900,1596,1,24,16.0,1.0,8.0,28890.239999999998,24
133,134,B134,H134,Safrinha,PS3,V4,PEPT,0,2022_04,10220,<1500,1468,1,24,44.0,1.0,22.0,51901.079999999994,24
134,135,B135,H135,Safrinha,PS3,V4,PEPT,0,2022_04,20376,<1500,959,2,24,28.0,1.0,14.0,52279.92,24
135,136,B136,H136,Summer,PS3,CONV,PEPT,0,2022_04,20376,<1900,1518,2,24,32.0,1.0,16.0,53490.24,24
136,137,B137,H137,Summer,PS3,CONV,PEPT,0,2022_04,20376,<1500,1359,2,24,34.0,1.0,17.0,51187.68,24
137,138,B138,H138,Safrinha,PS3,CONV,PEPT,0,2022_04,20376,<1500,1224,2,24,34.0,1.0,17.0,52484.100000000006,24
138,139,B139,H139,Safrinha,PS3,CONV,PEPT,0,2022_04,20376,<1500,1255,2,24,14.0,1.0,7.0,28309.68,24
139,140,B140,H140,Safrinha,PS3,V4,PEPT,0,2022_04,10220,<1900,1644,1,24,16.0,1.0,8.0,27611.04,24
140,141,B141,H141,Summer,PS3,V4,PEPT,0,2022_04,10220,<1500,1403,1,24,30.0,1.0,15.0,54390.6,24
141,142,B142,H142,Summer,PS3,V4,PEPT,0,2022_04,20376,<1500,1474,2,24,34.0,1.0,17.0,52944.12,24
142,143,B143,H143,Summer,PS3,V4,PEPT,0,2022_04,20376,<1500,1266,2,24,16.0,1.0,8.0,26981.28,24
143,144,B144,H144,Summer,PS3,CONV,PEPT,0,2022_04,10220,<1500,1371,1,24,36.0,1.0,18.0,52870.31999999999,24
144,145,B145,H145,Safrinha,PS3,V4,PEPT,0,2022_04,20376,<1500,1194,2,24,28.0,1.0,14.0,53829.72,24
145,146,B146,H146,Summer,PS3,CONV,PEPT,0,2022_04,20376,<1900,1563,2,24,30.0,1.0,15.0,51475.5,24
146,147,B147,H147,Summer,PS3,V4,PEPT,0,2022_04,20376,<1500,1395,2,24,20.0,1.0,10.0,53849.399999999994,24
147,148,B148,H148,Summer,PS3,V4,PEPT,0,2022_04,20376,>1900,2189,2,24,14.0,1.0,7.0,26243.28,24
148,149,B149,H149,Summer,PS3,V4,PEPT,0,2022_04,10220,<1900,1524,1,24,14.0,1.0,7.0,28258.02,24
149,150,B150,H150,Safrinha,PS3,CONV,PEPT,0,2022_04,10220,<1900,1641,1,24,14.0,1.0,7.0,26122.74,24
150,151,B151,H151,Summer,PS3,CONV,PEPT,0,2022_04,10220,<1900,1517,1,24,16.0,1.0,8.0,27394.56,24
151,152,B152,H152,Summer,PS3,CONV,PEPT,0,2022_04,10220,<1500,1392,1,24,28.0,1.0,14.0,53106.48,24
152,153,B153,H153,Safrinha,PS3,CONV,PEPT,0,2022_04,20376,<1900,1542,2,24,14.0,1.0,7.0,26260.5,24
153,154,B154,H154,Summer,PS3,CONV,PEPT,0,2022_04,10220,<1900,1525,1,24,30.0,1.0,15.0,51512.399999999994,24
154,155,B155,H155,Summer,PS3,CONV,PEPT,0,2022_04,20376,<1500,1396,2,24,26.0,1.0,13.0,52767.0,24
155,156,B156,H156,Safrinha,PS3,V4,PEPT,0,2022_04,20376,<1900,1650,2,24,16.0,1.0,8.0,25643.04,24
156,157,B157,H157,Summer,PS3,CONV,PEPT,0,2022_04,10220,<1500,1303,1,24,28.0,1.0,14.0,51901.079999999994,24
157,158,B158,H158,Summer,PS3,V4,PEPT,0,2022_04,20376,<1900,1507,2,24,26.0,1.0,13.0,51711.66,24
158,159,B159,H159,Summer,PS3,CONV,PEPT,0,2022_04,20376,<1900,1617,2,24,34.0,1.0,17.0,51313.14,24
159,160,B160,H160,Summer,PS3,V4,PEPT,0,2022_04,20376,<1500,1227,2,24,30.0,1.0,15.0,51254.1,24
160,161,B161,H161,Summer,PS3,CONV,PEPT,0,2022_04,20376,<1500,1389,2,24,22.0,1.0,11.0,52036.38,24
161,162,B162,H162,Safrinha,PS3,V4,PEPT,0,2022_04,20376,>1900,1923,2,24,12.0,1.0,6.0,26479.44,24
162,163,B163,H163,Summer,PS3,V4,PEPT,0,2022_04,10220,<1900,1794,1,24,14.0,1.0,7.0,28619.64,24
163,164,B164,H164,Summer,PS3,V4,PEPT,0,2022_04,10220,<1900,1662,1,24,16.0,1.0,8.0,27492.96,24
164,165,B165,H165,Summer,PS3,CONV,PEPT,0,2022_04,10220,<1500,1397,1,24,16.0,1.0,8.0,25761.12,24
165,166,B166,H166,Safrinha,PS3,CONV,PEPT,0,2022_04,10220,<1500,1309,1,24,14.0,1.0,7.0,26449.92,24
166,167,B167,H167,Summer,PS3,CONV,PEPT,0,2022_04,10220,<1900,1536,1,24,30.0,1.0,15.0,52914.6,24
167,168,B168,H168,Safrinha,PS3,V4,PEPT,0,2022_04,20376,<1500,1434,2,24,40.0,1.0,20.0,51610.8,24
168,169,B169,H169,Safrinha,PS3,V4,PEPT,0,2022_04,20376,<1500,1049,2,24,16.0,1.0,8.0,27394.56,24
169,170,B170,H170,Safrinha,PS3,V4,PEPT,0,2022_04,10220,<1500,1392,1,24,26.0,1.0,13.0,55069.56,24
170,171,B171,H171,Safrinha,PS3,CONV,PEPT,0,2022_04,20376,<1900,1722,2,24,14.0,1.0,7.0,29377.32,24
171,172,B172,H172,Safrinha,PS3,V4,PEPT,0,2022_04,10220,<1900,1706,1,24,16.0,1.0,8.0,27768.48,24
172,173,B173,H173,Summer,PS3,V4,PEPT,0,2022_04,10220,<1500,1411,1,24,16.0,1.0,8.0,29106.72,24
173,174,B174,H174,Summer,PS3,CONV,PEPT,0,2022_04,10220,<1500,1479,1,24,30.0,1.0,15.0,51254.1,24
174,175,B175,H175,Safrinha,PS3,CONV,PEPT,0,2022_04,20376,<1500,1389,2,24,18.0,1.0,9.0,26922.24,24
175,176,B176,H176,Summer,PS3,CONV,PEPT,0,2022_04,10220,<1500,1216,1,24,18.0,1.0,9.0,28206.36,24
176,177,B177,H177,Safrinha,PS3,V4,PEPT,0,2022_04,10220,<1500,1274,1,24,28.0,1.0,14.0,53037.6,24
177,178,B178,H178,Summer,PS3,CONV,PEPT,0,2022_04,20376,<1900,1540,2,24,18.0,1.0,9.0,28073.519999999997,24
178,179,B179,H179,Safrinha,PS3,V4,PEPT,0,2022_04,10220,<1500,1268,1,24,14.0,1.0,7.0,29239.559999999998,24
179,180,B180,H180,Summer,PS3,CONV,PEPT,0,2022_04,10220,<1900,1698,1,24,16.0,1.0,8.0,28378.56,24
180,181,B181,H181,Safrinha,PS3,V4,PEPT,0,2022_04,10220,<1500,1442,1,24,16.0,1.0,8.0,28299.84,24
181,182,B182,H182,Safrinha,PS3,CONV,PEPT,0,2022_04,10220,<1500,1438,1,24,14.0,1.0,7.0,28378.559999999998,24
182,183,B183,H183,Summer,PS3,CONV,PEPT,0,2022_04,10220,<1900,1648,1,24,36.0,1.0,18.0,52073.28,24
183,184,B184,H184,Safrinha,PS3,CONV,PEPT,0,2022_04,20376,<1500,1176,2,24,32.0,1.0,16.0,51089.28,24
184,185,B185,H185,Safrinha,PS3,CONV,PEPT,0,2022_04,20376,<1500,1298,2,24,14.0,1.0,7.0,26363.82,24
185,186,B186,H186,Summer,PS3,CONV,PEPT,0,2022_04,10220,<1900,1531,1,24,28.0,1.0,14.0,52142.16,24
186,187,B187,H187,Summer,PS3,V4,PEPT,0,2022_04,20376,<1900,1514,2,24,14.0,1.0,7.0,28567.98,24
187,188,B188,H188,Summer,PS3,CONV,PEPT,0,2022_04,10220,<1900,1659,1,24,28.0,1.0,14.0,54070.799999999996,24
188,189,B189,H189,Summer,PS3,V4,PEPT,0,2022_04,20376,<1900,1570,2,24,30.0,1.0,15.0,53800.2,24
189,190,B190,H190,Summer,PS3,CONV,PEPT,0,2022_04,20376,<1500,1458,2,24,14.0,1.0,7.0,26363.82,24
190,191,B191,H191,Summer,PS3,CONV,PEPT,0,2022_04,10220,<1900,1531,1,24,14.0,1.0,7.0,27310.92,24
191,192,B192,H192,Safrinha,PS3,V4,PEPT,0,2022_04,10220,<1900,1586,1,24,26.0,1.0,13.0,51551.76,24
192,193,B193,H193,Summer,PS3,V4,PEPT,0,2022_04,20376,<1900,1612,2,24,14.0,1.0,7.0,28998.480000000003,24
193,194,B194,H194,Safrinha,PS3,CONV,PEPT,0,2022_04,10220,<1900,1684,1,24,20.0,1.0,10.0,28339.2,24
194,195,B195,H195,Summer,PS3,CONV,PEPT,0,2022_04,10220,<1500,1152,1,24,12.0,1.0,6.0,27320.760000000002,24
195,196,B196,H196,Safrinha,PS3,CONV,PEPT,0,2022_04,10220,<1900,1851,1,24,38.0,1.0,19.0,51040.08,24
196,197,B197,H197,Summer,PS3,V4,PEPT,0,2022_04,20376,<1500,1092,2,24,30.0,1.0,15.0,53615.700000000004,24
197,198,B198,H198,Safrinha,PS3,CONV,PEPT,0,2022_04,20376,<1500,1453,2,24,18.0,1.0,9.0,27962.82,24
198,199,B199,H199,Safrinha,PS3,V4,PEPT,0,2022_04,10220,<1500,1263,1,24,12.0,1.0,6.0,25874.28,24
199,200,B200,H200,Safrinha,PS3,CONV,PEPT,0,2022_04,10220,<1900,1753,1,24,12.0,1.0,6.0,26523.72,24
200,201,B201,H201,Safrinha,PS3,V4,PEPT,0,2022_04,10220,<1900,1797,1,24,12.0,1.0,6.0,26597.52,24
201,202,B202,H202,Safrinha,PS3,V4,PEPT,0,2022_04,10220,<1900,1802,1,24,20.0,1.0,10.0,51118.8,24
202,203,B203,H203,Safrinha,PS3,V4,PEPT,0,2022_04,20376,>1900,2078,2,24,16.0,1.0,8.0,27138.72,24
203,204,B204,H204,Summer,PS3,V4,PEPT,0,2022_04,10220,<1500,1379,1,24,24.0,1.0,12.0,52870.31999999999,24
204,205,B205,H205,Safrinha,PS3,CONV,PEPT,0,2022_04,20376,<1900,1791,2,24,26.0,1.0,13.0,54685.8,24
205,206,B206,H206,Summer,PS3,V4,PEPT,0,2022_04,20376,<1900,1710,2,24,12.0,1.0,6.0,26051.399999999998,24
206,207,B207,H207,Summer,PS3,V4,PEPT,0,2022_04,10220,<1900,1765,1,24,34.0,1.0,17.0,53696.88,24
207,208,B208,H208,Summer,PS3,CONV,PEPT,0,2022_04,20376,<1500,1284,2,24,34.0,1.0,17.0,53780.52,24
208,209,B209,H209,Safrinha,PS3,V4,PEPT,0,2022_04,20376,<1500,1286,2,24,26.0,1.0,13.0,52127.399999999994,24
209,210,B210,H210,Summer,PS3,V4,PEPT,0,2022_04,20376,<1900,1630,2,24,30.0,1.0,15.0,54316.799999999996,24
210,211,B211,H211,Safrinha,PS3,CONV,PEPT,0,2022_04,20376,<1500,1472,2,24,32.0,1.0,16.0,51837.12,24
211,212,B212,H212,Safrinha,PS3,V4,PEPT,0,2022_04,20376,<1500,1317,2,24,22.0,1.0,11.0,53091.719999999994,24
212,213,B213,H213,Summer,PS3,V4,PEPT,0,2022_04,20376,>1900,1962,2,24,22.0,1.0,11.0,50981.04,24
213,214,B214,H214,Safrinha,PS3,CONV,PEPT,0,2022_04,20376,<1900,1884,2,24,26.0,1.0,13.0,51391.86,24
214,215,B215,H215,Summer,PS3,CONV,PEPT,0,2022_04,20376,<1900,1607,2,24,14.0,1.0,7.0,26122.74,24
215,216,B216,H216,Summer,PS3,CONV,PEPT,0,2022_04,10220,<1900,1517,1,24,14.0,1.0,7.0,29687.28,24
216,217,B217,H217,Safrinha,PS3,CONV,PEPT,0,2022_04,10220,<1900,1724,1,24,14.0,1.0,7.0,25830.0,24
217,218,B218,H218,Safrinha,PS3,V4,PEPT,0,2022_04,10220,<1900,1500,1,24,26.0,1.0,13.0,52127.399999999994,24
218,219,B219,H219,Safrinha,PS3,V4,PEPT,0,2022_04,20376,<1900,1630,2,24,24.0,1.0,12.0,52545.600000000006,24
219,220,B220,H220,Summer,PS3,V4,PEPT,0,2022_04,20376,<1900,1780,2,24,34.0,1.0,17.0,53822.34,24
220,221,B221,H221,Safrinha,PS3,CONV,PEPT,0,2022_04,20376,<1500,1287,2,24,32.0,1.0,16.0,53411.52,24
221,222,B222,H222,Summer,PS3,V4,PEPT,0,2022_04,20376,<1500,1357,2,24,16.0,1.0,8.0,28988.64,24
222,223,B223,H223,Summer,PS3,V4,PEPT,0,2022_04,10220,<1500,1473,1,24,30.0,1.0,15.0,52545.6,24
223,224,B224,H224,Safrinha,PS3,CONV,PEPT,0,2022_04,20376,<1500,1424,2,24,26.0,1.0,13.0,53086.799999999996,24
224,225,B225,H225,Summer,PS3,V4,PEPT,0,2022_04,20376,<1900,1660,2,24,34.0,1.0,17.0,51354.96,24
225,226,B226,H226,Summer,PS3,CONV,PEPT,0,2022_04,20376,<1500,1228,2,24,16.0,1.0,8.0,28417.92,24
226,227,B227,H227,Safrinha,PS3,V4,PEPT,0,2022_04,10220,<1500,1444,1,24,26.0,1.0,13.0,53470.56,24
227,228,B228,H228,Summer,PS3,V4,PEPT,0,2022_04,20376,<1900,1672,2,24,24.0,1.0,12.0,53372.16,24
228,229,B229,H229,Summer,PS3,CONV,PEPT,0,2022_04,20376,<1900,1808,2,24,30.0,1.0,15.0,53578.8,24
229,230,B230,H230,Safrinha,PS3,CONV,PEPT,0,2022_04,20376,<1500,1452,2,24,24.0,1.0,12.0,53401.68000000001,24
230,231,B231,H231,Summer,PS3,CONV,PEPT,0,2022_04,20376,<1900,1809,2,24,32.0,1.0,16.0,52506.24,24
231,232,B232,H232,Summer,PS3,V4,PEPT,0,2022_04,20376,<1500,1334,2,24,32.0,1.0,16.0,54159.36,24
232,233,B233,H233,Summer,PS3,CONV,PEPT,0,2022_04,20376,<1500,1376,2,24,30.0,1.0,15.0,53062.2,24
233,234,B234,H234,Summer,PS3,V4,PEPT,0,2022_04,20376,<1500,1438,2,24,16.0,1.0,8.0,26194.079999999998,24
234,235,B235,H235,Safrinha,PS3,V4,PEPT,0,2022_04,10220,<1500,1331,1,24,32.0,1.0,16.0,53136.0,24
235,236,B236,H236,Summer,PS3,V4,PEPT,0,2022_04,20376,<1500,1350,2,24,14.0,1.0,7.0,27465.899999999998,24
236,237,B237,H237,Safrinha,PS3,V4,PEPT,0,2022_04,10220,<1900,1595,1,24,12.0,1.0,6.0,26435.159999999996,24
237,238,B238,H238,Summer,PS3,CONV,PEPT,0,2022_04,10220,<1900,1791,1,24,24.0,1.0,12.0,54139.68000000001,24
238,239,B239,H239,Safrinha,PS3,V4,PEPT,0,2022_04,20376,<1900,1834,2,24,14.0,1.0,7.0,25830.0,24
239,240,B240,H240,Safrinha,PS3,CONV,PEPT,0,2022_04,10220,<1900,1500,1,24,26.0,1.0,13.0,53950.259999999995,24
240,241,B241,H241,Safrinha,PS3,CONV,PEPT,0,2022_04,20376,<1900,1687,2,24,14.0,1.0,7.0,27207.6,24
241,242,B242,H242,Safrinha,PS3,V4,PEPT,0,2022_04,10220,<1900,1580,1,24,14.0,1.0,7.0,25726.68,24
242,243,B243,H243,Safrinha,PS3,CONV,PEPT,0,2022_04,10220,<1500,1494,1,24,12.0,1.0,6.0,25844.760000000002,24
243,244,B244,H244,Summer,PS3,V4,PEPT,0,2022_04,10220,<1900,1751,1,24,30.0,1.0,15.0,51106.5,24
244,245,B245,H245,Safrinha,PS3,CONV,PEPT,0,2022_04,20376,<1500,1385,2,24,14.0,1.0,7.0,28275.24,24
245,246,B246,H246,Safrinha,PS3,CONV,PEPT,0,2022_04,10220,<1900,1642,1,24,14.0,1.0,7.0,26191.62,24
246,247,B247,H247,Summer,PS3,CONV,PEPT,0,2022_04,10220,<1900,1521,1,24,14.0,1.0,7.0,29291.22,24
247,248,B248,H248,Summer,PS3,V4,PEPT,0,2022_04,10220,<1900,1701,1,24,14.0,1.0,7.0,27345.36,24
248,249,B249,H249,Safrinha,PS3,CONV,PEPT,0,2022_04,10220,<1900,1588,1,24,14.0,1.0,7.0,26105.52,24
249,250,B250,H250,Safrinha,PS3,CONV,PEPT,0,2022_04,10220,<1900,1516,1,24,14.0,1.0,7.0,26467.14,24
250,251,B251,H251,Summer,PS3,V4,PEPT,0,2022_04,10220,<1900,1537,1,24,14.0,1.0,7.0,25881.66,24
251,252,B252,H252,Safrinha,PS3,CONV,PEPT,0,2022_04,10220,<1900,1503,1,24,20.0,1.0,10.0,27921.0,24
252,253,B253,H253,Safrinha,PS3,V4,PEPT,0,2022_04,10220,<1500,1135,1,24,16.0,1.0,8.0,28791.84,24
253,254,B254,H254,Summer,PS3,CONV,PEPT,0,2022_04,10220,<1500,1463,1,24,24.0,1.0,12.0,53903.520000000004,24
254,255,B255,H255,Safrinha,PS3,V4,PEPT,0,2022_04,20376,<1900,1826,2,24,18.0,1.0,9.0,28361.339999999997,24
255,256,B256,H256,Summer,PS3,V4,PEPT,0,2022_04,10220,<1500,1281,1,24,12.0,1.0,6.0,27984.96,24
256,257,B257,H257,Safrinha,PS3,V4,PEPT,0,2022_04,10220,<1900,1896,1,24,18.0,1.0,9.0,26435.159999999996,24
257,258,B258,H258,Summer,PS3,CONV,PEPT,0,2022_04,10220,<1500,1194,1,24,10.0,1.0,5.0,27219.899999999998,24
258,259,B259,H259,Safrinha,PS3,CONV,PEPT,0,2022_04,10220,>1900,2213,1,24,34.0,1.0,17.0,53780.52,24
259,260,B260,H260,Safrinha,PS3,CONV,PEPT,0,2022_04,20376,<1500,1286,2,24,26.0,1.0,13.0,51423.84,24
260,261,B261,H261,Safrinha,PS3,V4,PEPT,0,2022_04,20376,<1900,1608,2,24,14.0,1.0,7.0,28946.82,24
261,262,B262,H262,Safrinha,PS3,V4,PEPT,0,2022_04,10220,<1900,1681,1,24,28.0,1.0,14.0,51763.32,24
262,263,B263,H263,Summer,PS3,CONV,PEPT,0,2022_04,20376,<1900,1503,2,24,30.0,1.0,15.0,54390.6,24
263,264,B264,H264,Safrinha,PS3,V4,PEPT,0,2022_04,20376,<1500,1474,2,24,24.0,1.0,12.0,51394.31999999999,24
264,265,B265,H265,Safrinha,PS3,CONV,PEPT,0,2022_04,20376,<1900,1741,2,24,26.0,1.0,13.0,51647.700000000004,24
265,266,B266,H266,Summer,PS3,CONV,PEPT,0,2022_04,20376,<1900,1615,2,24,24.0,1.0,12.0,55054.799999999996,24
266,267,B267,H267,Safrinha,PS3,CONV,PEPT,0,2022_04,20376,<1900,1865,2,24,36.0,1.0,18.0,53888.76,24
267,268,B268,H268,Safrinha,PS3,V4,PEPT,0,2022_04,20376,<1500,1217,2,24,32.0,1.0,16.0,52899.84,24
268,269,B269,H269,Safrinha,PS3,V4,PEPT,0,2022_04,20376,<1500,1344,2,24,18.0,1.0,9.0,25948.079999999998,24
269,270,B270,H270,Safrinha,PS3,V4,PEPT,0,2022_04,10220,<1500,1172,1,24,14.0,1.0,7.0,28705.739999999998,24
270,271,B271,H271,Summer,PS3,CONV,PEPT,0,2022_04,10220,<1900,1667,1,24,32.0,1.0,16.0,53175.36,24
271,272,B272,H272,Safrinha,PS3,V4,PEPT,0,2022_04,20376,<1500,1351,2,24,30.0,1.0,15.0,54390.6,24
272,273,B273,H273,Safrinha,PS3,CONV,PEPT,0,2022_04,20376,<1500,1474,2,24,16.0,1.0,8.0,26686.079999999998,24
273,274,B274,H274,Safrinha,PS3,V4,PEPT,0,2022_04,10220,<1500,1356,1,24,28.0,1.0,14.0,52727.64,24
274,275,B275,H275,Summer,PS3,V4,PEPT,0,2022_04,20376,<1900,1531,2,24,18.0,1.0,9.0,27032.94,24
275,276,B276,H276,Safrinha,PS3,CONV,PEPT,0,2022_04,10220,<1500,1221,1,24,26.0,1.0,13.0,52703.04,24
276,277,B277,H277,Safrinha,PS3,CONV,PEPT,0,2022_04,20376,<1900,1648,2,24,16.0,1.0,8.0,28909.92,24
277,278,B278,H278,Summer,PS3,V4,PEPT,0,2022_04,10220,<1500,1469,1,24,26.0,1.0,13.0,53086.799999999996,24
278,279,B279,H279,Safrinha,PS3,V4,PEPT,0,2022_04,20376,<1900,1660,2,24,36.0,1.0,18.0,51586.200000000004,24
279,280,B280,H280,Safrinha,PS3,CONV,PEPT,0,2022_04,20376,<1500,1165,2,24,14.0,1.0,7.0,29532.299999999996,24
280,281,B281,H281,Summer,PS3,CONV,PEPT,0,2022_04,10220,<1900,1715,1,24,20.0,1.0,10.0,26961.6,24
281,282,B282,H282,Summer,PS3,V4,PEPT,0,2022_04,10220,<1500,1096,1,24,10.0,1.0,5.0,25903.800000000003,24
282,283,B283,H283,Safrinha,PS3,CONV,PEPT,0,2022_04,10220,>1900,2106,1,24,28.0,1.0,14.0,51315.6,24
283,284,B284,H284,Safrinha,PS3,V4,PEPT,0,2022_04,20376,<1500,1490,2,24,36.0,1.0,18.0,53313.12,24
284,285,B285,H285,Safrinha,PS3,CONV,PEPT,0,2022_04,20376,<1500,1204,2,24,30.0,1.0,15.0,52065.9,24
285,286,B286,H286,Safrinha,PS3,V4,PEPT,0,2022_04,20376,<1500,1411,2,24,34.0,1.0,17.0,51605.88,24
286,287,B287,H287,Summer,PS3,CONV,PEPT,0,2022_04,20376,<1500,1234,2,24,24.0,1.0,12.0,51807.600000000006,24
287,288,B288,H288,Safrinha,PS3,V4,PEPT,0,2022_04,20376,<1900,1755,2,24,32.0,1.0,16.0,52860.479999999996,24
288,289,B289,H289,Summer,PS3,CONV,PEPT,0,2022_04,20376,<1500,1343,2,24,18.0,1.0,9.0,25992.36,24
289,290,B290,H290,Summer,PS3,CONV,PEPT,0,2022_04,10220,<1500,1174,1,24,24.0,1.0,12.0,51099.12,24
290,291,B291,H291,Safrinha,PS3,V4,PEPT,0,2022_04,20376,<1900,1731,2,24,32.0,1.0,16.0,54198.72,24
291,292,B292,H292,Summer,PS3,V4,PEPT,0,2022_04,20376,<1500,1377,2,24,12.0,1.0,6.0,28073.52,24
292,293,B293,H293,Safrinha,PS3,V4,PEPT,0,2022_04,10220,>1900,1902,1,24,28.0,1.0,14.0,53485.32,24
293,294,B294,H294,Safrinha,PS3,V4,PEPT,0,2022_04,20376,<1900,1553,2,24,14.0,1.0,7.0,29601.18,24
294,295,B295,H295,Safrinha,PS3,CONV,PEPT,0,2022_04,10220,<1900,1719,1,24,26.0,1.0,13.0,51647.700000000004,24
295,296,B296,H296,Safrinha,PS3,V4,PEPT,0,2022_04,20376,<1900,1615,2,24,34.0,1.0,17.0,53822.34,24
296,297,B297,H297,Safrinha,PS3,V4,PEPT,0,2022_04,20376,<1500,1287,2,24,24.0,1.0,12.0,54612.0,24
297,298,B298,H298,Summer,PS3,V4,PEPT,0,2022_04,20376,<1900,1850,2,24,16.0,1.0,8.0,28516.32,24
298,299,B299,H299,Summer,PS3,V4,PEPT,0,2022_04,10220,<1500,1449,1,24,24.0,1.0,12.0,52191.36,24
299,300,B300,H300,Summer,PS3,V4,PEPT,0,2022_04,20376,<1900,1768,2,24,12.0,1.0,6.0,25977.600000000002,24
300,301,B301,H301,Summer,PS3,CONV,PEPT,0,2022_04,10220,<1900,1760,1,24,24.0,1.0,12.0,51984.719999999994,24
301,302,B302,H302,Safrinha,PS3,V4,PEPT,0,2022_04,20376,<1900,1761,2,24,18.0,1.0,9.0,26169.48,24
302,303,B303,H303,Safrinha,PS3,V4,PEPT,0,2022_04,10220,<1500,1182,1,24,16.0,1.0,8.0,25879.2,24
303,304,B304,H304,Safrinha,PS3,V4,PEPT,0,2022_04,10220,<1500,1315,1,24,16.0,1.0,8.0,26686.079999999998,24
304,305,B305,H305,Safrinha,PS3,CONV,PEPT,0,2022_04,10220,<1500,1356,1,24,32.0,1.0,16.0,52191.36,24
305,306,B306,H306,Summer,PS3,CONV,PEPT,0,2022_04,20376,<1500,1326,2,24,30.0,1.0,15.0,53172.9,24
306,307,B307,H307,Safrinha,PS3,V4,PEPT,0,2022_04,20376,<1500,1441,2,24,26.0,1.0,13.0,51263.94,24
307,308,B308,H308,Safrinha,PS3,V4,PEPT,0,2022_04,20376,<1900,1603,2,24,32.0,1.0,16.0,53254.08,24
308,309,B309,H309,Summer,PS3,CONV,PEPT,0,2022_04,20376,<1500,1353,2,24,18.0,1.0,9.0,28582.74,24
309,310,B310,H310,Summer,PS3,CONV,PEPT,0,2022_04,10220,<1500,1291,1,24,28.0,1.0,14.0,52245.48,24
310,311,B311,H311,Safrinha,PS3,V4,PEPT,0,2022_04,20376,<1900,1517,2,24,30.0,1.0,15.0,53468.1,24
311,312,B312,H312,Summer,PS3,V4,PEPT,0,2022_04,20376,<1500,1449,2,24,14.0,1.0,7.0,27035.399999999998,24
312,313,B313,H313,Safrinha,PS3,V4,PEPT,0,2022_04,10220,<1900,1570,1,24,18.0,1.0,9.0,26324.46,24
313,314,B314,H314,Summer,PS3,V4,PEPT,0,2022_04,10220,<1500,1189,1,24,14.0,1.0,7.0,27276.48,24
314,315,B315,H315,Safrinha,PS3,V4,PEPT,0,2022_04,10220,<1900,1584,1,24,30.0,1.0,15.0,52693.200000000004,24
315,316,B316,H316,Safrinha,PS3,CONV,PEPT,0,2022_04,20376,<1500,1428,2,24,14.0,1.0,7.0,28826.28,24
316,317,B317,H317,Safrinha,PS3,CONV,PEPT,0,2022_04,10220,<1900,1674,1,24,40.0,1.0,20.0,53431.2,24
317,318,B318,H318,Safrinha,PS3,V4,PEPT,0,2022_04,20376,<1500,1086,2,24,26.0,1.0,13.0,51967.5,24
318,319,B319,H319,Summer,PS3,CONV,PEPT,0,2022_04,20376,<1900,1625,2,24,20.0,1.0,10.0,26764.8,24
319,320,B320,H320,Summer,PS3,V4,PEPT,0,2022_04,10220,<1500,1088,1,24,32.0,1.0,16.0,53293.44,24
320,321,B321,H321,Safrinha,PS3,CONV,PEPT,0,2022_04,20376,<1500,1354,2,24,28.0,1.0,14.0,53278.68,24
321,322,B322,H322,Safrinha,PS3,CONV,PEPT,0,2022_04,20376,<1900,1547,2,24,20.0,1.0,10.0,28117.799999999996,24
322,323,B323,H323,Summer,PS3,CONV,PEPT,0,2022_04,10220,<1500,1143,1,24,28.0,1.0,14.0,53003.16,24
323,324,B324,H324,Summer,PS3,V4,PEPT,0,2022_04,20376,<1900,1539,2,24,16.0,1.0,8.0,26115.36,24
324,325,B325,H325,Safrinha,PS3,CONV,PEPT,0,2022_04,10220,<1500,1327,1,24,32.0,1.0,16.0,53293.44,24
325,326,B326,H326,Safrinha,PS3,V4,PEPT,0,2022_04,20376,<1500,1354,2,24,34.0,1.0,17.0,51396.78,24
326,327,B327,H327,Summer,PS3,CONV,PEPT,0,2022_04,20376,<1500,1229,2,24,28.0,1.0,14.0,51728.880000000005,24
327,328,B328,H328,Safrinha,PS3,V4,PEPT,0,2022_04,20376,<1900,1502,2,24,14.0,1.0,7.0,28137.48,24
328,329,B329,H329,Summer,PS3,CONV,PEPT,0,2022_04,10220,<1900,1634,1,24,32.0,1.0,16.0,54120.0,24
329,330,B330,H330,Summer,PS3,CONV,PEPT,0,2022_04,20376,<1500,1375,2,24,22.0,1.0,11.0,51170.46,24
330,331,B331,H331,Safrinha,PS3,V4,PEPT,0,2022_04,20376,<1900,1891,2,24,30.0,1.0,15.0,53431.2,24
331,332,B332,H332,Safrinha,PS3,CONV,PEPT,0,2022_04,20376,<1500,1448,2,24,38.0,1.0,19.0,53423.81999999999,24
332,333,B333,H333,Safrinha,PS3,V4,PEPT,0,2022_04,20376,<1500,1143,2,24,34.0,1.0,17.0,53989.62,24
333,334,B334,H334,Safrinha,PS3,V4,PEPT,0,2022_04,20376,<1500,1291,2,24,22.0,1.0,11.0,51765.78,24
334,335,B335,H335,Summer,PS3,V4,PEPT,0,2022_04,20376,>1900,1913,2,24,14.0,1.0,7.0,26157.18,24
335,336,B336,H336,Summer,PS3,V4,PEPT,0,2022_04,10220,<1900,1519,1,24,14.0,1.0,7.0,26312.16,24
336,337,B337,H337,Safrinha,PS3,V4,PEPT,0,2022_04,10220,<1900,1528,1,24,30.0,1.0,15.0,53394.299999999996,24
337,338,B338,H338,Safrinha,PS3,CONV,PEPT,0,2022_04,20376,<1500,1447,2,24,14.0,1.0,7.0,27948.059999999998,24
338,339,B339,H339,Safrinha,PS3,CONV,PEPT,0,2022_04,10220,<1900,1623,1,24,26.0,1.0,13.0,53054.82,24
339,340,B340,H340,Summer,PS3,V4,PEPT,0,2022_04,20376,<1900,1659,2,24,,,,,24
